{
    "report_path": "testcases/AM/000/",
    "polar": 0,
    "params": {
        "nl": 4,
        "n1grs": -3915,
        "kgrs": 7830,
        "true_nihs": 8192,
        "nfgd_fu": -1,
        "kgd": 6,
        "shgd": 2048,
        "ndec": 160,
        "dlstr": 2621439,
        "samples_num": 16384,
        "is_am": 1
    },
    "time": {
        "start": "05.3.2025 10:00:00",
        "fft": {
            "duration": 0.45567999966442585,
            "end": 9489570.483199999,
            "start": 9489570.02752
        },
        "read_data": {
            "duration": 0.23136000148952007,
            "end": 9489570.72144,
            "start": 9489570.490079999
        },
        "sine": {
            "duration": 0.19865600019693375,
            "end": 9489570.025472,
            "start": 9489569.826816
        },
        "total": {
            "duration": 3.1929280012845993,
            "end": 9489570.72144,
            "start": 9489567.528512
        },
        "write_data": {
            "duration": 0.08396800048649311,
            "end": 9489567.61248,
            "start": 9489567.528512
        }
    }
}
